Feature ID,Feature Name,Description,Priority,Category,,
F001,User Registration,Allow users to create accounts with email and password,High,User Management,,
F002,User Login,Authenticate users with credentials,High,User Management,,
F003,Vehicle Registration,Users can register their vehicles with license plate and details,High,Vehicle Management,,
F004,Parking Spot Availability,Display real-time availability of parking spots,High,Core Functionality,,
F005,Real-time Occupancy Monitoring,Monitor and track parking space occupancy in real-time,High,Core Functionality,,
F006,Parking Reservation,Allow users to reserve parking spots in advance,High,Core Functionality,,
F007,Payment Processing,Process parking payments via multiple payment methods,High,Payment,,
F009,Admin Dashboard,Dashboard for administrators to manage parking operations,High,Administration,,
F010,Reporting and Analytics,Generate reports on occupancy, revenue, and usage patterns,Medium,Analytics
F011,Email Notifications,Send notifications to users about reservations and payments,Medium,Communication,,
F012,SMS Alerts,Send SMS alerts for parking reminders and alerts,Medium,Communication,,
F013,Pricing Management,Configure and manage parking rates and tariffs,High,Administration,,
F014,Parking Duration Calculation,Automatically calculate parking duration and charges,High,Core Functionality,,
F015,Cancellation Policy,Handle reservation cancellations with appropriate refunds,Medium,Booking,,
F016,Multi-Site Management,Support management of multiple parking facilities,Medium,Administration,,
F017,User Profile Management,Allow users to update personal information and preferences,Medium,User Management,,
F018,Payment History,Display transaction and payment history for users,Medium,User Features,,
F019,Search and Filter,Search and filter parking locations by availability and price,Medium,User Features,,
F020,Map Integration,Integrate maps to show parking location and directions,High,User Features,,
F021,Rating and Reviews,Allow users to rate and review parking facilities,Low,User Features,,
F022,Monthly Subscriptions,Offer monthly parking passes and subscriptions,Medium,Payment,,
F023,Loyalty Program,Implement loyalty rewards for frequent users,Low,Marketing,,
F024,Push Notifications,Send push notifications to mobile app users,Medium,Communication,,
F025,Security and Encryption,Implement SSL/TLS and data encryption for security,High,Security,,
F026,Audit Logging,Log all system activities for audit and compliance,High,Security,,
F027,Role-Based Access Control,Implement role-based permissions for users and admins,High,Administration,,
F028,API Integration,Provide REST APIs for third-party integrations,Medium,Integration,,
F029,Database Backup,Automated regular backups of system data,High,Infrastructure,,
F030,Scalability,Ensure system can handle growing number of users and transactions,High,Infrastructure,,
